Data,JSW
2020-01-01,"21,38"
2020-01-02,"24,24"
2020-01-03,"23,28"
2020-01-06,"23,28"
2020-01-07,"24,22"
2020-01-08,"21,88"
2020-01-09,"22,44"
2020-01-10,"22,54"
2020-01-13,"22,7"
2020-01-14,"23,64"
2020-01-15,"23,58"
2020-01-16,"23,1"
2020-01-17,"22,68"
2020-01-20,"21,64"
2020-01-21,"21,14"
2020-01-22,"20,94"
2020-01-23,"20,56"
2020-01-24,"20,54"
2020-01-27,"19,2"
2020-01-28,"20,14"
2020-01-29,"19,99"
2020-01-30,"19,25"
2020-01-31,"18,8"
2020-02-03,"19,71"
2020-02-04,"19,78"
2020-02-05,"19,24"
2020-02-06,"18,89"
2020-02-07,"18,79"
2020-02-10,"18,2"
2020-02-11,"18,35"
2020-02-12,"18,84"
2020-02-13,"18,02"
2020-02-14,"17,88"
2020-02-17,"18,3"
2020-02-18,"17,85"
2020-02-19,"17,18"
2020-02-20,"16,01"
2020-02-21,"16,01"
2020-02-24,"14,75"
2020-02-25,"14,31"
2020-02-26,"14,3"
2020-02-27,"13,11"
2020-02-28,"13,53"
2020-03-02,"14,19"
2020-03-03,"15,15"
2020-03-04,"14,54"
2020-03-05,"14,15"
2020-03-06,"13,85"
2020-03-09,"12,5"
2020-03-10,"12,08"
2020-03-11,"10,85"
2020-03-12,"9,13"
2020-03-13,"10,0"
2020-03-16,"11,5"
2020-03-17,"13,98"
2020-03-18,"13,25"
2020-03-19,"14,0"
2020-03-20,"13,61"
2020-03-23,"12,5"
2020-03-24,"13,0"
2020-03-25,"12,84"
2020-03-26,"12,85"
2020-03-27,"12,75"
2020-03-30,"12,45"
2020-03-31,"12,44"
2020-04-01,"11,65"
2020-04-02,"12,03"
2020-04-03,"11,97"
2020-04-06,"12,8"
2020-04-07,"12,55"
2020-04-08,"12,86"
2020-04-09,"13,09"
2020-04-10,"13,09"
2020-04-13,"13,09"
2020-04-14,"14,52"
2020-04-15,"13,81"
2020-04-16,"13,62"
2020-04-17,"13,62"
2020-04-20,"13,3"
2020-04-21,"12,52"
2020-04-22,"12,98"
2020-04-23,"13,97"
2020-04-24,"13,35"
2020-04-27,"13,05"
2020-04-28,"13,04"
2020-04-29,"13,72"
2020-04-30,"13,69"
2020-05-01,"13,69"
2020-05-04,"13,31"
2020-05-05,"13,3"
2020-05-06,"12,52"
2020-05-07,"12,53"
2020-05-08,"12,66"
2020-05-11,"12,47"
2020-05-12,"12,89"
2020-05-13,"13,11"
2020-05-14,"12,61"
2020-05-15,"12,95"
2020-05-18,"13,41"
2020-05-19,"13,6"
2020-05-20,"13,9"
2020-05-21,"14,05"
2020-05-22,"13,02"
2020-05-25,"13,62"
2020-05-26,"14,3"
2020-05-27,"15,38"
2020-05-28,"15,34"
2020-05-29,"16,53"
2020-06-01,"17,5"
2020-06-02,"18,0"
2020-06-03,"19,07"
2020-06-04,"19,84"
2020-06-05,"21,14"
2020-06-08,"19,2"
2020-06-09,"20,06"
2020-06-10,"20,1"
2020-06-11,"20,1"
2020-06-12,"19,38"
2020-06-15,"19,04"
2020-06-16,"19,8"
2020-06-17,"18,63"
2020-06-18,"18,7"
2020-06-19,"19,11"
2020-06-22,"19,82"
2020-06-23,"19,8"
2020-06-24,"19,2"
2020-06-25,"19,18"
2020-06-26,"18,41"
2020-06-29,"18,8"
2020-06-30,"18,7"
2020-07-01,"18,64"
2020-07-02,"18,82"
2020-07-03,"18,84"
2020-07-06,"19,92"
2020-07-07,"20,1"
2020-07-08,"20,19"
2020-07-09,"19,52"
2020-07-10,"19,63"
2020-07-13,"20,38"
2020-07-14,"19,4"
2020-07-15,"19,9"
2020-07-16,"19,5"
2020-07-17,"19,41"
2020-07-20,"19,8"
2020-07-21,"19,84"
2020-07-22,"20,0"
2020-07-23,"19,41"
2020-07-24,"19,3"
2020-07-27,"19,1"
2020-07-28,"18,5"
2020-07-29,"16,75"
2020-07-30,"15,36"
2020-07-31,"16,5"
2020-08-03,"17,4"
2020-08-04,"16,89"
2020-08-05,"17,1"
2020-08-06,"16,39"
2020-08-07,"16,02"
2020-08-10,"16,3"
2020-08-11,"16,72"
2020-08-12,"16,37"
2020-08-13,"16,3"
2020-08-14,"16,2"
2020-08-17,"16,64"
2020-08-18,"16,34"
2020-08-19,"15,53"
2020-08-20,"15,1"
2020-08-21,"15,32"
2020-08-24,"16,49"
2020-08-25,"15,39"
2020-08-26,"15,44"
2020-08-27,"15,44"
2020-08-28,"15,26"
2020-08-31,"15,7"
2020-09-01,"15,18"
2020-09-02,"15,37"
2020-09-03,"15,45"
2020-09-04,"16,2"
2020-09-07,"21,7"
2020-09-08,"20,14"
2020-09-09,"20,2"
2020-09-10,"21,31"
2020-09-11,"23,15"
2020-09-14,"23,9"
2020-09-15,"25,4"
2020-09-16,"28,32"
2020-09-17,"27,83"
2020-09-18,"28,02"
2020-09-21,"24,71"
2020-09-22,"25,0"
2020-09-23,"23,21"
2020-09-24,"23,55"
2020-09-25,"24,32"
2020-09-28,"27,31"
2020-09-29,"25,55"
2020-09-30,"25,65"
2020-10-01,"25,0"
2020-10-02,"24,21"
2020-10-05,"26,56"
2020-10-06,"26,24"
2020-10-07,"26,31"
2020-10-08,"24,72"
2020-10-09,"24,48"
2020-10-12,"24,82"
2020-10-13,"24,0"
2020-10-14,"24,01"
2020-10-15,"21,84"
2020-10-16,"22,2"
2020-10-19,"21,4"
2020-10-20,"20,21"
2020-10-21,"20,27"
2020-10-22,"19,51"
2020-10-23,"20,28"
2020-10-26,"18,84"
2020-10-27,"18,4"
2020-10-28,"16,0"
2020-10-29,"15,56"
2020-10-30,"15,19"
2020-11-02,"17,1"
2020-11-03,"19,15"
2020-11-04,"18,2"
2020-11-05,"18,33"
2020-11-06,"17,78"
2020-11-09,"19,6"
2020-11-10,"18,77"
2020-11-11,"18,77"
2020-11-12,"19,77"
2020-11-13,"19,03"
2020-11-16,"19,7"
2020-11-17,"22,56"
2020-11-18,"21,34"
2020-11-19,"20,03"
2020-11-20,"20,8"
2020-11-23,"21,2"
2020-11-24,"22,77"
2020-11-25,"23,41"
2020-11-26,"24,9"
2020-11-27,"23,71"
2020-11-30,"24,47"
2020-12-01,"23,6"
2020-12-02,"24,3"
2020-12-03,"25,59"
2020-12-04,"25,95"
2020-12-07,"25,53"
2020-12-08,"25,55"
2020-12-09,"27,2"
2020-12-10,"27,0"
2020-12-11,"27,8"
2020-12-14,"26,1"
2020-12-15,"27,1"
2020-12-16,"27,21"
2020-12-17,"25,93"
2020-12-18,"25,96"
2020-12-21,"25,17"
2020-12-22,"25,17"
2020-12-23,"25,8"
2020-12-28,"25,96"
2020-12-29,"26,09"
2020-12-30,"25,95"
2021-01-04,"27,07"
2021-01-05,"26,02"
2021-01-07,"26,88"
2021-01-08,"26,7"
2021-01-11,"26,08"
2021-01-12,"26,13"
2021-01-13,"25,8"
2021-01-14,"26,79"
2021-01-15,"28,3"
2021-01-18,"33,63"
2021-01-19,"33,1"
2021-01-20,"35,0"
2021-01-21,"31,32"
2021-01-22,"32,05"
2021-01-25,"31,59"
2021-01-26,"33,26"
2021-01-27,"31,13"
2021-01-28,"32,4"
2021-01-29,"31,81"
2021-02-01,"34,9"
2021-02-02,"34,8"
2021-02-03,"33,81"
2021-02-04,"33,43"
2021-02-05,"35,05"
2021-02-08,"39,59"
2021-02-09,"39,41"
2021-02-10,"40,18"
2021-02-11,"39,7"
2021-02-12,"38,43"
2021-02-15,"41,0"
2021-02-16,"39,3"
2021-02-17,"40,16"
2021-02-18,"39,71"
2021-02-19,"39,85"
2021-02-22,"38,6"
2021-02-23,"36,96"
2021-02-24,"36,97"
2021-02-25,"35,46"
2021-02-26,"35,28"
2021-03-01,"34,5"
2021-03-02,"35,0"
2021-03-03,"35,17"
2021-03-04,"35,64"
2021-03-05,"34,3"
2021-03-08,"33,96"
2021-03-09,"34,63"
2021-03-10,"33,7"
2021-03-11,"34,2"
2021-03-12,"34,0"
2021-03-15,"32,91"
2021-03-16,"31,13"
2021-03-17,"32,35"
2021-03-18,"31,84"
2021-03-19,"30,16"
2021-03-22,"33,0"
2021-03-23,"30,81"
2021-03-24,"28,3"
2021-03-25,"28,41"
2021-03-26,"30,3"
2021-03-29,"30,08"
2021-03-30,"29,26"
2021-03-31,"29,58"
2021-04-01,"31,06"
2021-04-06,"33,99"
2021-04-07,"32,96"
2021-04-08,"31,88"
2021-04-09,"32,6"
2021-04-12,"31,95"
2021-04-13,"31,58"
2021-04-14,"32,2"
2021-04-15,"32,62"
2021-04-16,"32,5"
2021-04-19,"33,03"
2021-04-20,"32,0"
2021-04-21,"30,9"
2021-04-22,"31,07"
2021-04-23,"30,36"
2021-04-26,"30,85"
2021-04-27,"30,29"
2021-04-28,"31,06"
2021-04-29,"31,1"
2021-04-30,"30,3"
2021-05-04,"29,0"
2021-05-05,"29,46"
2021-05-06,"30,87"
2021-05-07,"32,22"
2021-05-10,"30,54"
2021-05-11,"31,33"
2021-05-12,"30,96"
2021-05-13,"30,95"
2021-05-14,"30,9"
2021-05-17,"31,45"
2021-05-18,"31,89"
2021-05-19,"32,0"
2021-05-20,"31,29"
2021-05-21,"31,94"
2021-05-24,"34,5"
2021-05-25,"33,86"
2021-05-26,"35,09"
2021-05-27,"36,3"
2021-05-28,"36,31"
2021-05-31,"36,49"
2021-06-01,"34,8"
2021-06-02,"34,85"
2021-06-04,"35,6"
2021-06-07,"37,29"
2021-06-08,"36,3"
2021-06-09,"35,0"
2021-06-10,"34,81"
2021-06-11,"35,52"
2021-06-14,"35,3"
2021-06-15,"35,52"
2021-06-16,"34,9"
2021-06-17,"33,57"
2021-06-18,"32,78"
2021-06-21,"33,27"
2021-06-22,"33,49"
2021-06-23,"34,88"
2021-06-24,"35,39"
2021-06-25,"35,39"
2021-06-28,"35,01"
2021-06-29,"35,16"
2021-06-30,"35,22"
2021-07-01,"35,54"
2021-07-02,"35,4"
2021-07-05,"36,69"
2021-07-06,"36,86"
2021-07-07,"36,59"
2021-07-08,"35,7"
2021-07-09,"36,5"
2021-07-12,"35,39"
2021-07-13,"34,72"
2021-07-14,"35,21"
2021-07-15,"34,98"
2021-07-16,"34,27"
2021-07-19,"32,5"
2021-07-20,"33,2"
2021-07-21,"33,17"
2021-07-22,"32,99"
2021-07-23,"33,79"
2021-07-26,"33,32"
2021-07-27,"32,8"
2021-07-28,"33,51"
2021-07-29,"35,17"
2021-07-30,"34,8"
2021-08-02,"34,35"
2021-08-03,"33,62"
2021-08-04,"33,45"
2021-08-05,"34,6"
2021-08-06,"34,11"
2021-08-09,"34,05"
2021-08-10,"34,36"
2021-08-11,"35,2"
2021-08-12,"37,48"
2021-08-13,"36,5"
2021-08-16,"37,27"
2021-08-17,"36,12"
2021-08-18,"35,35"
2021-08-19,"34,1"
2021-08-20,"34,21"
2021-08-23,"35,95"
2021-08-24,"35,45"
2021-08-25,"35,64"
2021-08-26,"35,83"
2021-08-27,"36,6"
2021-08-30,"39,24"
2021-08-31,"40,34"
2021-09-01,"41,8"
2021-09-02,"44,84"
2021-09-03,"45,6"
2021-09-06,"48,87"
2021-09-07,"48,8"
2021-09-08,"49,4"
2021-09-09,"51,98"
2021-09-10,"51,92"
2021-09-13,"54,22"
2021-09-14,"53,78"
2021-09-15,"56,2"
2021-09-16,"52,86"
2021-09-17,"54,4"
2021-09-20,"49,75"
2021-09-21,"48,74"
2021-09-22,"53,4"
2021-09-23,"51,8"
2021-09-24,"51,74"
2021-09-27,"52,16"
2021-09-28,"51,6"
2021-09-29,"51,84"
2021-09-30,"55,74"
2021-10-01,"55,4"
2021-10-04,"56,0"
2021-10-05,"57,6"
2021-10-06,"57,68"
2021-10-07,"56,2"
2021-10-08,"55,0"
2021-10-11,"58,24"
2021-10-12,"60,6"
2021-10-13,"59,88"
2021-10-14,"54,86"
2021-10-15,"56,26"
2021-10-18,"61,1"
2021-10-19,"55,36"
2021-10-20,"54,92"
2021-10-21,"51,6"
2021-10-22,"52,0"
2021-10-25,"54,14"
2021-10-26,"52,8"
2021-10-27,"51,26"
2021-10-28,"50,72"
2021-10-29,"51,8"
2021-11-02,"47,5"
2021-11-03,"48,7"
2021-11-04,"49,49"
2021-11-05,"49,34"
2021-11-08,"52,0"
2021-11-09,"49,28"
2021-11-10,"45,26"
2021-11-12,"46,59"
2021-11-15,"42,73"
2021-11-16,"43,27"
2021-11-17,"42,6"
2021-11-18,"40,51"
2021-11-19,"41,0"
2021-11-22,"42,18"
2021-11-23,"41,3"
2021-11-24,"41,19"
2021-11-25,"42,8"
2021-11-26,"38,02"
2021-11-29,"39,49"
2021-11-30,"41,1"
2021-12-01,"42,18"
2021-12-02,"41,42"
2021-12-03,"40,9"
2021-12-06,"40,5"
2021-12-07,"42,2"
2021-12-08,"42,33"
2021-12-09,"40,68"
2021-12-10,"40,13"
2021-12-13,"38,41"
2021-12-14,"39,76"
2021-12-15,"36,22"
2021-12-16,"38,9"
2021-12-17,"36,72"
2021-12-20,"35,05"
2021-12-21,"35,93"
2021-12-22,"34,75"
2021-12-23,"34,57"
2021-12-27,"33,04"
2021-12-28,"33,99"
2021-12-29,"35,5"
2021-12-30,"34,87"
2022-01-03,"35,4"
2022-01-04,"35,46"
2022-01-05,"36,54"
2022-01-07,"38,34"
2022-01-10,"38,31"
2022-01-11,"39,6"
2022-01-12,"40,75"
2022-01-13,"40,4"
2022-01-14,"40,01"
2022-01-17,"41,53"
2022-01-18,"40,2"
2022-01-19,"40,96"
2022-01-20,"40,3"
2022-01-21,"38,65"
2022-01-24,"34,4"
2022-01-25,"35,45"
2022-01-26,"37,8"
2022-01-27,"39,83"
2022-01-28,"40,3"
2022-01-31,"39,55"
2022-02-01,"42,04"
2022-02-02,"46,96"
2022-02-03,"44,85"
2022-02-04,"44,95"
2022-02-07,"45,53"
2022-02-08,"45,98"
2022-02-09,"48,8"
2022-02-10,"48,8"
2022-02-11,"48,31"
2022-02-14,"45,47"
2022-02-15,"48,0"
2022-02-16,"47,01"
2022-02-17,"44,55"
2022-02-18,"44,52"
2022-02-21,"41,85"
2022-02-22,"45,18"
2022-02-23,"44,09"
2022-02-24,"38,07"
2022-02-25,"41,8"
2022-02-28,"49,22"
2022-03-01,"54,0"
2022-03-02,"70,9"
2022-03-03,"67,7"
2022-03-04,"71,6"
2022-03-07,"71,4"
2022-03-08,"70,22"
2022-03-09,"64,0"
2022-03-10,"68,38"
2022-03-11,"70,5"
2022-03-14,"67,06"
2022-03-15,"67,28"
2022-03-16,"64,02"
2022-03-17,"72,28"
2022-03-18,"69,8"
2022-03-21,"71,4"
2022-03-22,"74,5"
2022-03-23,"75,98"
2022-03-24,"76,84"
2022-03-25,"75,24"
2022-03-28,"78,58"
2022-03-29,"75,04"
2022-03-30,"79,0"
2022-03-31,"77,8"
2022-04-01,"77,0"
2022-04-04,"71,9"
2022-04-05,"72,5"
2022-04-06,"67,96"
2022-04-07,"66,8"
2022-04-08,"68,98"
2022-04-11,"71,04"
2022-04-12,"70,78"
2022-04-13,"70,92"
2022-04-14,"74,5"
2022-04-19,"71,22"
2022-04-20,"68,9"
2022-04-21,"69,02"
2022-04-22,"64,34"
2022-04-25,"63,86"
2022-04-26,"65,22"
2022-04-27,"66,72"
2022-04-28,"69,9"
2022-04-29,"67,62"
2022-05-02,"66,54"
2022-05-04,"69,6"
2022-05-05,"63,44"
2022-05-06,"66,42"
2022-05-09,"65,04"
2022-05-10,"62,86"
2022-05-11,"64,54"
2022-05-12,"63,04"
2022-05-13,"68,0"
2022-05-16,"66,64"
2022-05-17,"67,32"
2022-05-18,"68,0"
2022-05-19,"69,46"
2022-05-20,"66,6"
2022-05-23,"70,0"
2022-05-24,"71,5"
2022-05-25,"69,56"
2022-05-26,"67,9"
2022-05-27,"68,5"
2022-05-30,"67,5"
2022-05-31,"66,4"
2022-06-01,"64,7"
2022-06-02,"67,34"
2022-06-03,"65,8"
2022-06-06,"67,7"
2022-06-07,"70,2"
2022-06-08,"69,98"
2022-06-09,"70,4"
2022-06-10,"68,4"
2022-06-13,"64,26"
2022-06-14,"67,36"
2022-06-15,"68,2"
2022-06-17,"65,98"
2022-06-20,"63,02"
2022-06-21,"66,2"
2022-06-22,"64,8"
2022-06-23,"60,88"
2022-06-24,"60,48"
2022-06-27,"63,8"
2022-06-28,"64,36"
2022-06-29,"65,32"
2022-06-30,"64,32"
2022-07-01,"57,92"
2022-07-04,"58,9"
2022-07-05,"50,98"
2022-07-06,"48,0"
2022-07-07,"52,0"
2022-07-08,"52,16"
2022-07-11,"51,04"
2022-07-12,"52,36"
2022-07-13,"49,58"
2022-07-14,"49,86"
2022-07-15,"50,0"
2022-07-18,"52,5"
2022-07-19,"51,98"
2022-07-20,"52,0"
2022-07-21,"50,22"
2022-07-22,"50,2"
2022-07-25,"49,87"
2022-07-26,"48,1"
2022-07-27,"47,96"
2022-07-28,"48,08"
2022-07-29,"50,42"
2022-08-01,"51,1"
2022-08-02,"49,0"
2022-08-03,"48,64"
2022-08-04,"46,76"
2022-08-05,"47,76"
2022-08-08,"49,38"
2022-08-09,"48,2"
2022-08-10,"48,7"
2022-08-11,"48,72"
2022-08-12,"50,38"
2022-08-16,"50,54"
2022-08-17,"48,9"
2022-08-18,"55,0"
2022-08-19,"52,74"
2022-08-22,"53,5"
2022-08-23,"55,9"
2022-08-24,"53,1"
2022-08-25,"52,86"
2022-08-26,"51,64"
2022-08-29,"53,3"
2022-08-30,"49,52"
2022-08-31,"47,56"
2022-09-01,"44,28"
2022-09-02,"43,11"
2022-09-05,"42,48"
2022-09-06,"39,32"
2022-09-07,"38,39"
2022-09-08,"38,02"
2022-09-09,"39,74"
2022-09-12,"38,7"
2022-09-13,"37,4"
2022-09-14,"38,21"
2022-09-15,"37,7"
2022-09-16,"36,63"
2022-09-19,"38,0"
2022-09-20,"37,29"
2022-09-21,"37,75"
2022-09-22,"38,72"
2022-09-23,"37,6"
2022-09-26,"33,94"
2022-09-27,"33,54"
2022-09-28,"33,82"
2022-09-29,"33,0"
2022-09-30,"33,34"
2022-10-03,"35,14"
2022-10-04,"36,6"
2022-10-05,"36,06"
2022-10-06,"35,7"
2022-10-07,"36,3"
2022-10-10,"33,89"
2022-10-11,"34,56"
2022-10-12,"35,62"
2022-10-13,"36,4"
2022-10-14,"37,18"
2022-10-17,"37,75"
2022-10-18,"36,25"
2022-10-19,"36,36"
2022-10-20,"37,29"
2022-10-21,"36,12"
2022-10-24,"37,3"
2022-10-25,"37,71"
2022-10-26,"40,49"
2022-10-27,"40,41"
2022-10-28,"41,22"
2022-10-31,"41,54"
2022-11-02,"43,0"
2022-11-03,"45,35"
2022-11-04,"47,58"
2022-11-07,"45,7"
2022-11-08,"47,9"
2022-11-09,"48,38"
2022-11-10,"47,2"
2022-11-14,"46,87"
2022-11-15,"47,21"
2022-11-16,"46,56"
2022-11-17,"45,86"
2022-11-18,"46,37"
2022-11-21,"45,0"
2022-11-22,"46,4"
2022-11-23,"46,54"
2022-11-24,"47,45"
2022-11-25,"47,34"
2022-11-28,"49,47"
2022-11-29,"57,4"
2022-11-30,"60,06"
2022-12-01,"58,02"
2022-12-02,"57,44"
2022-12-05,"57,5"
2022-12-06,"56,3"
2022-12-07,"56,36"
2022-12-08,"55,52"
2022-12-09,"56,72"
2022-12-12,"58,4"
2022-12-13,"58,3"
2022-12-14,"57,24"
2022-12-15,"58,36"
2022-12-16,"56,86"
2022-12-19,"56,46"
2022-12-20,"57,16"
2022-12-21,"57,7"
2022-12-22,"56,52"
2022-12-23,"56,62"
2022-12-27,"55,0"
2022-12-28,"54,78"
2022-12-29,"56,62"
2022-12-30,"58,16"
2023-01-02,"57,98"
2023-01-03,"55,0"
2023-01-04,"57,5"
2023-01-05,"56,52"
2023-01-09,"58,08"
2023-01-10,"58,48"
2023-01-11,"59,46"
2023-01-12,"58,4"
2023-01-13,"57,9"
2023-01-16,"56,08"
2023-01-17,"56,38"
2023-01-18,"58,1"
2023-01-19,"57,38"
2023-01-20,"58,8"
2023-01-23,"61,28"
2023-01-24,"64,42"
2023-01-25,"64,48"
2023-01-26,"64,96"
2023-01-27,"64,32"
2023-01-30,"63,84"
2023-01-31,"67,24"
2023-02-01,"59,42"
2023-02-02,"60,5"
2023-02-03,"57,62"
2023-02-06,"57,5"
2023-02-07,"57,6"
2023-02-08,"59,66"
2023-02-09,"57,42"
2023-02-10,"56,44"
2023-02-13,"53,72"
2023-02-14,"54,88"
2023-02-15,"55,94"
2023-02-16,"55,6"
2023-02-17,"55,9"
2023-02-20,"56,1"
2023-02-21,"55,34"
2023-02-22,"53,28"
2023-02-23,"55,76"
2023-02-24,"54,06"
2023-02-27,"54,8"
2023-02-28,"54,66"
2023-03-01,"55,54"
2023-03-02,"52,24"
2023-03-03,"53,0"
2023-03-06,"53,78"
2023-03-07,"52,6"
2023-03-08,"53,04"
2023-03-09,"52,16"
2023-03-10,"50,66"
2023-03-13,"48,15"
2023-03-14,"47,37"
2023-03-15,"44,1"
2023-03-16,"45,55"
2023-03-17,"44,9"
2023-03-20,"46,71"
2023-03-21,"47,5"
2023-03-22,"46,68"
2023-03-23,"46,45"
2023-03-24,"45,44"
2023-03-27,"45,46"
2023-03-28,"45,37"
2023-03-29,"46,91"
2023-03-30,"47,78"
2023-03-31,"47,11"
2023-04-03,"47,0"
2023-04-04,"45,78"
2023-04-05,"44,47"
2023-04-06,"44,75"
2023-04-11,"45,49"
2023-04-12,"47,29"
2023-04-13,"47,24"
2023-04-14,"46,17"
2023-04-17,"46,43"
2023-04-18,"47,01"
2023-04-19,"46,01"
2023-04-20,"46,16"
2023-04-21,"44,74"
2023-04-24,"45,38"
2023-04-25,"44,24"
2023-04-26,"43,84"
2023-04-27,"44,71"
2023-04-28,"42,9"
2023-05-02,"41,87"
2023-05-04,"40,68"
2023-05-05,"41,55"
2023-05-08,"42,0"
2023-05-09,"41,9"
2023-05-10,"42,2"
2023-05-11,"41,25"
2023-05-12,"40,91"
2023-05-15,"41,7"
2023-05-16,"40,76"
2023-05-17,"40,13"
2023-05-18,"40,51"
2023-05-19,"41,06"
2023-05-22,"40,56"
2023-05-23,"40,88"
2023-05-24,"42,42"
2023-05-25,"40,13"
2023-05-26,"40,73"
2023-05-29,"41,04"
2023-05-30,"39,7"
2023-05-31,"38,45"
2023-06-01,"39,34"
2023-06-02,"41,4"
2023-06-05,"41,89"
2023-06-06,"42,0"
2023-06-07,"42,14"
2023-06-09,"42,49"
2023-06-12,"41,45"
2023-06-13,"42,06"
2023-06-14,"44,31"
2023-06-15,"44,36"
2023-06-16,"42,34"
2023-06-19,"41,2"
2023-06-20,"41,66"
2023-06-21,"42,25"
2023-06-22,"41,52"
2023-06-23,"41,24"
2023-06-26,"41,25"
2023-06-27,"40,84"
2023-06-28,"40,35"
2023-06-29,"40,79"
2023-06-30,"40,05"
2023-07-03,"40,92"
2023-07-04,"40,2"
2023-07-05,"39,55"
2023-07-06,"39,0"
2023-07-07,"37,42"
2023-07-10,"38,44"
2023-07-11,"40,0"
2023-07-12,"41,66"
2023-07-13,"42,78"
2023-07-14,"42,43"
2023-07-17,"42,74"
2023-07-18,"42,39"
2023-07-19,"42,99"
2023-07-20,"43,83"
2023-07-21,"41,88"
2023-07-24,"41,27"
2023-07-25,"42,27"
2023-07-26,"41,33"
2023-07-27,"41,1"
2023-07-28,"40,55"
2023-07-31,"40,9"
2023-08-01,"40,43"
2023-08-02,"39,08"
2023-08-03,"38,52"
2023-08-04,"38,89"
2023-08-07,"38,58"
2023-08-08,"37,74"
2023-08-09,"38,65"
2023-08-10,"37,6"
2023-08-11,"36,8"
2023-08-14,"36,02"
2023-08-16,"34,59"
2023-08-17,"34,1"
2023-08-18,"34,7"
2023-08-21,"35,35"
2023-08-22,"35,01"
2023-08-23,"34,6"
2023-08-24,"34,29"
2023-08-25,"34,72"
2023-08-28,"38,1"
2023-08-29,"37,69"
2023-08-30,"37,37"
2023-08-31,"36,21"
2023-09-01,"37,02"
2023-09-04,"37,2"
2023-09-05,"36,48"
2023-09-06,"35,99"
2023-09-07,"35,68"
2023-09-08,"37,26"
2023-09-11,"37,99"
2023-09-12,"38,01"
2023-09-13,"39,3"
2023-09-14,"42,12"
2023-09-15,"43,25"
2023-09-18,"43,35"
2023-09-19,"44,34"
2023-09-20,"45,63"
2023-09-21,"44,5"
2023-09-22,"44,81"
2023-09-25,"42,68"
2023-09-26,"42,7"
2023-09-27,"43,95"
2023-09-28,"44,39"
2023-09-29,"44,02"
2023-10-02,"42,83"
2023-10-03,"42,4"
2023-10-04,"43,85"
2023-10-05,"43,99"
2023-10-06,"40,58"
2023-10-09,"42,16"
2023-10-10,"43,95"
2023-10-11,"43,61"
2023-10-12,"43,7"
2023-10-13,"44,08"
2023-10-16,"44,65"
2023-10-17,"44,2"
2023-10-18,"45,8"
2023-10-19,"45,0"
2023-10-20,"44,1"
2023-10-23,"43,55"
2023-10-24,"43,46"
2023-10-25,"43,52"
2023-10-26,"45,46"
2023-10-27,"45,09"
2023-10-30,"46,99"
2023-10-31,"49,94"
2023-11-02,"50,06"
2023-11-03,"49,51"
2023-11-06,"50,8"
2023-11-07,"50,18"
2023-11-08,"47,86"
2023-11-09,"48,95"
2023-11-10,"47,46"
2023-11-13,"47,32"
2023-11-14,"50,44"
2023-11-15,"49,71"
2023-11-16,"49,78"
2023-11-17,"49,77"
2023-11-20,"50,9"
2023-11-21,"49,97"
2023-11-22,"47,82"
2023-11-23,"42,0"
2023-11-24,"41,1"
2023-11-27,"41,2"
2023-11-28,"40,84"
2023-11-29,"42,0"
2023-11-30,"39,54"
2023-12-01,"41,72"
2023-12-04,"41,0"
2023-12-05,"41,2"
2023-12-06,"42,03"
2023-12-07,"42,65"
2023-12-08,"44,91"
2023-12-11,"44,72"
2023-12-12,"43,58"
2023-12-13,"42,62"
2023-12-14,"43,88"
2023-12-15,"44,53"
2023-12-18,"43,52"
2023-12-19,"43,63"
2023-12-20,"42,0"
2023-12-21,"41,84"
2023-12-22,"41,76"
2023-12-27,"42,33"
2023-12-28,"42,48"
2023-12-29,"42,03"
2024-01-02,"41,29"
2024-01-03,"40,86"
2024-01-04,"40,8"
2024-01-05,"40,78"
2024-01-08,"40,14"
2024-01-09,"40,16"
2024-01-10,"39,33"
2024-01-11,"39,27"
2024-01-12,"40,35"
2024-01-15,"39,16"
2024-01-16,"39,51"
2024-01-17,"37,62"
2024-01-18,"37,8"
2024-01-19,"37,99"
2024-01-22,"38,2"
2024-01-23,"41,71"
2024-01-24,"42,8"
2024-01-25,"42,2"
2024-01-26,"42,98"
2024-01-29,"43,4"
2024-01-30,"42,76"
2024-01-31,"43,34"
2024-02-01,"43,5"
2024-02-02,"43,3"
2024-02-05,"42,92"
2024-02-06,"43,54"
2024-02-07,"43,35"
2024-02-08,"43,34"
2024-02-09,"42,81"
2024-02-12,"44,22"
2024-02-13,"42,19"
2024-02-14,"43,36"
2024-02-15,"42,92"
2024-02-16,"43,44"
2024-02-19,"43,0"
2024-02-20,"43,74"
2024-02-21,"43,49"
2024-02-22,"43,84"
2024-02-23,"43,57"
2024-02-26,"42,82"
2024-02-27,"43,59"
2024-02-28,"41,6"
2024-02-29,"41,22"
2024-03-01,"42,05"
2024-03-04,"40,8"
2024-03-05,"40,74"
2024-03-06,"40,65"
2024-03-07,"41,15"
2024-03-08,"41,08"
2024-03-11,"40,42"
2024-03-12,"39,58"
2024-03-13,"40,5"
2024-03-14,"39,8"
2024-03-15,"39,77"
2024-03-18,"38,13"
2024-03-19,"37,51"
2024-03-20,"37,12"
2024-03-21,"37,45"
2024-03-22,"36,78"
2024-03-25,"36,25"
2024-03-26,"37,11"
2024-03-27,"36,54"
2024-03-28,"37,15"
2024-04-02,"37,18"
2024-04-03,"37,21"
2024-04-04,"37,44"
2024-04-05,"36,2"
2024-04-08,"36,69"
2024-04-09,"37,8"
2024-04-10,"38,3"
2024-04-11,"35,29"
2024-04-12,"35,34"
2024-04-15,"34,4"
2024-04-16,"32,7"
2024-04-17,"33,25"
2024-04-18,"33,0"
2024-04-19,"33,05"
2024-04-22,"33,81"
2024-04-23,"33,12"
2024-04-24,"31,19"
2024-04-25,"30,43"
2024-04-26,"30,34"
2024-04-29,"30,98"
2024-04-30,"30,7"
2024-05-02,"30,75"
2024-05-06,"31,92"
2024-05-07,"31,74"
2024-05-08,"31,59"
2024-05-09,"32,02"
2024-05-10,"31,52"
2024-05-13,"31,93"
2024-05-14,"31,88"
2024-05-15,"30,74"
2024-05-16,"31,19"
2024-05-17,"31,98"
2024-05-20,"33,15"
2024-05-21,"33,14"
2024-05-22,"32,2"
2024-05-23,"32,34"
2024-05-24,"30,9"
2024-05-27,"29,3"
2024-05-28,"29,41"
2024-05-29,"28,0"
2024-05-31,"28,46"
2024-06-03,"29,27"
2024-06-04,"29,3"
2024-06-05,"28,03"
2024-06-06,"26,5"
2024-06-07,"25,18"
2024-06-10,"26,8"
2024-06-11,"26,8"
2024-06-12,"27,15"
2024-06-13,"28,32"
2024-06-14,"29,1"
2024-06-17,"30,27"
2024-06-18,"28,82"
2024-06-19,"30,07"
2024-06-20,"29,47"
2024-06-21,"29,76"
2024-06-24,"29,81"
2024-06-25,"29,6"
2024-06-26,"29,83"
2024-06-27,"29,37"
2024-06-28,"29,6"
2024-07-01,"29,8"
2024-07-02,"30,27"
2024-07-03,"31,09"
2024-07-04,"30,53"
2024-07-05,"30,32"
2024-07-08,"30,02"
2024-07-09,"29,48"
2024-07-10,"29,25"
2024-07-11,"28,08"
2024-07-12,"28,0"
2024-07-15,"28,15"
2024-07-16,"27,78"
2024-07-17,"27,7"
2024-07-18,"29,18"
2024-07-19,"28,81"
2024-07-22,"29,03"
2024-07-23,"27,91"
2024-07-24,"27,39"
2024-07-25,"27,38"
2024-07-26,"27,36"
2024-07-29,"27,0"
2024-07-30,"27,03"
2024-07-31,"26,68"
2024-08-01,"26,7"
2024-08-02,"26,5"
2024-08-05,"25,6"
2024-08-06,"25,95"
2024-08-07,"26,38"
2024-08-08,"26,27"
2024-08-09,"26,16"
2024-08-12,"27,04"
2024-08-13,"26,2"
2024-08-14,"25,73"
2024-08-16,"25,36"
2024-08-19,"25,9"
2024-08-20,"25,2"
2024-08-21,"25,53"
2024-08-22,"25,17"
2024-08-23,"25,3"
2024-08-26,"25,45"
2024-08-27,"25,98"
2024-08-28,"25,87"
2024-08-29,"25,68"
2024-08-30,"25,68"
2024-09-02,"26,44"
2024-09-03,"25,6"
2024-09-04,"25,3"
2024-09-05,"25,5"
2024-09-06,"24,14"
2024-09-09,"23,0"
2024-09-10,"22,01"
2024-09-11,"22,13"
2024-09-12,"23,0"
2024-09-13,"22,66"
2024-09-16,"22,74"
2024-09-17,"23,36"
2024-09-18,"23,0"
2024-09-19,"22,56"
2024-09-20,"22,2"
2024-09-23,"22,6"
2024-09-24,"23,33"
2024-09-25,"23,74"
2024-09-26,"23,95"
2024-09-27,"25,2"
2024-09-30,"25,88"
2024-10-01,"26,0"
2024-10-02,"26,55"
2024-10-03,"28,77"
2024-10-04,"28,06"
2024-10-07,"28,57"
2024-10-08,"28,13"
2024-10-09,"27,5"
2024-10-10,"26,93"
2024-10-11,"27,97"
2024-10-14,"28,63"
2024-10-15,"27,23"
2024-10-16,"27,7"
2024-10-17,"26,5"
2024-10-18,"26,0"
2024-10-21,"26,58"
2024-10-22,"26,62"
2024-10-23,"27,09"
2024-10-24,"27,42"
2024-10-25,"27,08"
2024-10-28,"27,59"
2024-10-29,"27,6"
2024-10-30,"27,4"
2024-10-31,"26,82"
2024-11-04,"27,38"
2024-11-05,"26,55"
2024-11-06,"27,33"
2024-11-07,"27,84"
2024-11-08,"27,55"
2024-11-12,"26,15"
2024-11-13,"26,5"
2024-11-14,"26,1"
2024-11-15,"25,14"
2024-11-18,"24,7"
2024-11-19,"24,43"
2024-11-20,"25,15"
2024-11-21,"25,4"
2024-11-22,"26,0"
2024-11-25,"26,02"
2024-11-26,"26,11"
2024-11-27,"26,0"
2024-11-28,"25,53"
2024-11-29,"25,52"
2024-12-02,"25,44"
2024-12-03,"24,64"
2024-12-04,"24,56"
2024-12-05,"24,83"
2024-12-06,"24,39"
2024-12-09,"24,8"
2024-12-10,"24,25"
2024-12-11,"24,72"
2024-12-12,"24,07"
2024-12-13,"24,01"
2024-12-16,"23,92"
2024-12-17,"22,81"
2024-12-18,"22,1"
2024-12-19,"21,39"
2024-12-20,"20,78"
2024-12-23,"20,2"
2024-12-27,"20,49"
2024-12-30,"20,71"
2025-01-02,"21,55"
2025-01-03,"21,8"
2025-01-07,"22,42"
2025-01-08,"21,8"
2025-01-09,"21,73"
2025-01-10,"21,3"
2025-01-13,"22,45"
2025-01-14,"22,2"
2025-01-15,"22,64"
2025-01-16,"22,12"
2025-01-17,"22,5"
2025-01-20,"23,65"
2025-01-21,"23,01"
2025-01-22,"22,36"
2025-01-23,"22,65"
2025-01-24,"23,2"
2025-01-27,"23,02"
2025-01-28,"23,95"
2025-01-29,"24,0"
2025-01-30,"23,4"
2025-01-31,"23,2"
2025-02-03,"22,94"
2025-02-04,"23,25"
2025-02-05,"22,9"
2025-02-06,"23,03"
2025-02-07,"24,0"
2025-02-10,"24,68"
2025-02-11,"24,5"
2025-02-12,"24,16"
2025-02-13,"24,2"
2025-02-14,"24,3"
2025-02-17,"26,1"
2025-02-18,"26,19"
2025-02-19,"25,55"
2025-02-20,"25,38"
2025-02-21,"25,6"
2025-02-24,"24,66"
2025-02-25,"24,56"
2025-02-26,"26,0"
2025-02-27,"25,3"
2025-02-28,"25,05"
2025-03-03,"25,7"
2025-03-04,"25,28"
2025-03-05,"25,11"
2025-03-06,"23,65"
2025-03-07,"23,28"
2025-03-10,"23,38"
2025-03-11,"23,87"
2025-03-12,"25,63"
2025-03-13,"27,55"
2025-03-14,"27,48"
2025-03-17,"28,14"
2025-03-18,"27,7"
2025-03-19,"27,22"
2025-03-20,"26,13"
2025-03-21,"26,82"
2025-03-24,"26,22"
2025-03-25,"25,61"
2025-03-26,"24,71"
2025-03-27,"24,0"
2025-03-28,"23,77"
2025-03-31,"22,74"
2025-04-01,"22,77"
2025-04-02,"23,9"
2025-04-03,"22,41"
2025-04-04,"21,2"
2025-04-07,"22,0"
2025-04-08,"22,8"
2025-04-09,"22,75"
2025-04-10,"23,35"
2025-04-11,"23,19"
2025-04-14,"23,56"
2025-04-15,"22,99"
2025-04-16,"23,3"
2025-04-17,"23,28"
2025-04-22,"23,72"
2025-04-23,"24,05"
2025-04-24,"24,38"
2025-04-25,"24,35"
2025-04-28,"24,35"
2025-04-29,"24,38"
2025-04-30,"24,1"
2025-05-02,"24,59"
2025-05-05,"24,7"
2025-05-06,"24,21"
2025-05-07,"24,5"
2025-05-08,"23,85"
2025-05-09,"23,76"
2025-05-12,"23,85"
2025-05-13,"24,2"
2025-05-14,"23,18"
2025-05-15,"22,85"
2025-05-16,"22,94"
2025-05-19,"23,19"
2025-05-20,"23,16"
2025-05-21,"23,15"
2025-05-22,"22,8"
2025-05-23,"22,98"
2025-05-26,"23,05"
2025-05-27,"22,88"
2025-05-28,"23,18"
2025-05-29,"22,78"
2025-05-30,"22,66"
2025-06-02,"22,82"
2025-06-03,"22,42"
2025-06-04,"23,3"
2025-06-05,"22,55"
2025-06-06,"22,33"
2025-06-09,"22,33"
2025-06-10,"22,7"
2025-06-11,"22,5"
2025-06-12,"22,1"
2025-06-13,"21,59"
2025-06-16,"21,44"
2025-06-17,"21,17"
2025-06-18,"20,8"
2025-06-20,"21,18"
2025-06-23,"20,73"
2025-06-24,"21,14"
2025-06-25,"21,17"
2025-06-26,"21,24"
2025-06-27,"21,77"
2025-06-30,"21,45"
2025-07-01,"21,47"
2025-07-02,"21,96"
2025-07-03,"24,04"
2025-07-04,"23,52"
2025-07-07,"22,85"
2025-07-08,"22,78"
2025-07-09,"22,55"
2025-07-10,"23,0"
2025-07-11,"22,95"
2025-07-14,"22,94"
2025-07-15,"22,68"
2025-07-16,"22,2"
2025-07-17,"22,15"
2025-07-18,"22,99"
2025-07-21,"24,7"
2025-07-22,"26,2"
2025-07-23,"27,59"
2025-07-24,"27,13"
2025-07-25,"26,8"
2025-07-28,"25,4"
2025-07-29,"24,74"
2025-07-30,"24,7"
2025-07-31,"23,53"
2025-08-01,"22,84"
2025-08-04,"22,75"
2025-08-05,"22,6"
2025-08-06,"23,2"
2025-08-07,"23,5"
2025-08-08,"23,94"
2025-08-11,"24,12"
2025-08-12,"24,4"
2025-08-13,"24,07"
2025-08-14,"22,95"
2025-08-18,"23,13"
2025-08-19,"23,4"
2025-08-20,"22,96"
2025-08-21,"23,01"
2025-08-22,"23,17"
2025-08-25,"23,43"
2025-08-26,"23,22"
2025-08-27,"22,87"
2025-08-28,"22,72"
2025-08-29,"22,64"
2025-09-01,"22,54"
2025-09-02,"22,43"
2025-09-03,"22,7"
2025-09-04,"22,66"
2025-09-05,"22,78"
2025-09-08,"23,12"
2025-09-09,"22,89"
2025-09-10,"22,44"
2025-09-11,"22,7"
2025-09-12,"22,5"
2025-09-15,"23,13"
2025-09-16,"23,96"
2025-09-17,"23,98"
2025-09-18,"24,15"
2025-09-19,"23,94"
2025-09-22,"25,73"
2025-09-23,"25,0"
2025-09-24,"26,1"
2025-09-25,"25,68"
2025-09-26,"25,97"
2025-09-29,"25,28"
2025-09-30,"22,74"
2025-10-01,"23,0"
2025-10-02,"22,79"
2025-10-03,"22,9"
2025-10-06,"23,52"
2025-10-07,"24,33"
2025-10-08,"25,1"
2025-10-09,"27,0"
2025-10-10,"26,96"
2025-10-13,"26,5"
2025-10-14,"24,17"
2025-10-15,"23,78"
2025-10-16,"23,41"
2025-10-17,"24,24"
2025-10-20,"26,33"
2025-10-21,"27,49"
2025-10-22,"26,36"
2025-10-23,"26,03"
2025-10-24,"25,59"
2025-10-27,"25,14"
2025-10-28,"25,7"
2025-10-29,"25,5"
2025-10-30,"25,78"
2025-10-31,"25,89"
2025-11-03,"25,4"
2025-11-04,"25,08"
2025-11-05,"24,78"
2025-11-06,"25,4"
2025-11-07,"24,85"
2025-11-10,"25,0"
2025-11-12,"24,97"
2025-11-13,"24,64"
2025-11-14,"24,4"
2025-11-17,"23,94"
2025-11-18,"23,55"
2025-11-19,"24,0"
2025-11-20,"24,0"
2025-11-21,"23,71"
2025-11-24,"23,74"
2025-11-25,"23,8"
2025-11-26,"24,2"
2025-11-27,"23,78"
2025-11-28,"23,84"
2025-12-01,"23,77"
2025-12-02,"23,28"
2025-12-03,"23,43"
2025-12-04,"22,65"
2025-12-05,"22,7"
2025-12-08,"22,15"
2025-12-09,"21,78"
2025-12-10,"22,56"
2025-12-11,"22,35"
2025-12-12,"21,91"
2025-12-15,"22,02"
2025-12-16,"21,91"
2025-12-17,"21,42"
2025-12-18,"21,39"
2025-12-19,"21,48"
2025-12-22,"21,84"
2025-12-23,"22,24"
2025-12-29,"22,73"
2025-12-30,"23,4"
2026-01-02,"23,45"
2026-01-05,"23,95"
2026-01-07,"25,35"
2026-01-08,"25,1"
2026-01-09,"25,25"
2026-01-12,"25,5"
2026-01-13,"26,5"
2026-01-14,"27,25"
2026-01-15,"28,63"
2026-01-16,"27,79"
2026-01-19,"26,66"
2026-01-20,"26,28"
2026-01-21,"25,32"
2026-01-22,"25,79"
2026-01-23,"26,75"
2026-01-26,"27,45"
2026-01-27,"26,99"
2026-01-28,"27,4"
2026-01-29,"26,65"
2026-01-30,"29,55"
2026-02-02,"32,5"
2026-02-03,"27,05"
2026-02-04,"26,43"
2026-02-05,"24,7"
2026-02-06,"25,62"
2026-02-09,"24,92"
2026-02-10,"24,8"
2026-02-11,"25,35"
2026-02-12,"26,78"
2026-02-13,"27,18"
2026-02-16,"26,91"
2026-02-17,"25,75"
2026-02-18,"26,28"
2026-02-19,"25,59"
2026-02-20,"25,25"
2026-02-23,"26,23"
2026-02-24,"26,32"
2026-02-25,"26,75"
2026-02-26,"26,53"
2026-02-27,"27,14"
2026-03-02,"26,9"
2026-03-03,"28,53"
2026-03-04,"28,86"
2026-03-05,"29,9"
2026-03-06,"30,32"
2026-03-09,"31,48"
2026-03-10,"31,74"
2026-03-11,"31,8"
2026-03-12,"30,97"
2026-03-13,"31,52"
2026-03-16,"31,68"
2026-03-17,"33,0"
2026-03-18,"32,72"
2026-03-19,"35,3"
2026-03-20,"34,15"
2026-03-23,"31,73"
2026-03-24,"31,8"
2026-03-25,"31,87"
2026-03-26,"31,12"
2026-03-27,"32,0"
2026-03-30,"34,35"
2026-03-31,"34,46"
2026-04-01,"32,0"
2026-04-02,"32,6"
2026-04-07,"34,75"
2026-04-08,"30,9"
2026-04-09,"31,1"
2026-04-10,"28,55"
2026-04-13,"28,6"
2026-04-14,"27,41"
2026-04-15,"26,75"
2026-04-16,"27,27"
2026-04-17,"27,42"
2026-04-20,"27,76"
2026-04-21,"27,6"
2026-04-22,"27,9"
2026-04-23,"28,2"
2026-04-24,"27,62"
2026-04-27,"26,9"
2026-04-28,"29,06"
2026-04-29,"28,1"
2026-04-30,"28,3"
2026-05-04,"29,0"
2026-05-05,"30,54"
2026-05-06,"29,57"
2026-05-07,"28,71"
2026-05-08,"28,39"
2026-05-11,"28,5"
2026-05-12,"28,08"
2026-05-13,"28,0"
2026-05-14,"27,98"
2026-05-15,"26,45"
2026-05-18,"26,4"
2026-05-19,"26,11"
2026-05-20,"25,76"
2026-05-21,"26,45"
2026-05-22,"26,32"
